{
    "params": {
        "volume": [
            0.0,
            0.02,
            0.04,
            0.09,
            0.215,
            0.3825,
            0.5825,
            0.7825,
            0.9825,
            1.1825,
            1.3825,
            1.5825,
            1.7825,
            1.9825,
            2.1825,
            2.3825,
            2.5825,
            2.7825,
            2.9825,
            3.1825,
            3.3825,
            3.5825,
            3.703,
            3.8115,
            3.879,
            3.937,
            3.969,
            3.989,
            4.039,
            4.059,
            4.079,
            4.099,
            4.119,
            4.1415,
            4.1645,
            4.1995,
            4.2385,
            4.2965,
            4.371,
            4.4815,
            4.6175
        ],
        "potential": [
            182.1,
            181.6,
            180.9,
            178.7,
            172.9,
            166.0,
            158.2,
            151.4,
            145.6,
            140.1,
            134.7,
            129.8,
            124.9,
            120.2,
            115.8,
            111.0,
            105.7,
            100.2,
            94.8,
            88.0,
            80.5,
            70.2,
            62.8,
            53.5,
            46.2,
            36.6,
            28.4,
            25.6,
            5.4,
            -7.9,
            -55.1,
            -114.1,
            -134.6,
            -148.0,
            -156.5,
            -166.1,
            -173.7,
            -182.1,
            -189.7,
            -198.3,
            -206.4
        ],
        "H_plus": [
            0.00011969976734479516,
            0.00011739285093226876,
            0.00011423766842408245,
            0.00010486294295358598,
            8.367251561193684e-05,
            6.396611377345552e-05,
            4.721762344534452e-05,
            3.623778096916565e-05,
            2.891494562789948e-05,
            2.334286499196675e-05,
            1.8918045591007438e-05,
            1.56332773871746e-05,
            1.2918848339202615e-05,
            1.0759156594980879e-05,
            9.065748172847923e-06,
            7.520864226675163e-06,
            6.118996282065521e-06,
            4.9398295932046734e-06,
            4.003446941419326e-06,
            3.072497571860193e-06,
            2.294651309942756e-06,
            1.5367831004259343e-06,
            1.1522005003874647e-06,
            8.022823688372471e-07,
            6.038555509052395e-07,
            4.1558633369276614e-07,
            3.020327873417089e-07,
            2.708474892634335e-07,
            1.2338941081240796e-07,
            7.35298748702543e-08,
            1.1711902572642528e-08,
            1.178506496932288e-09,
            5.306572029422332e-10,
            3.1499935802892656e-10,
            2.2627236064983958e-10,
            1.5572548871581141e-10,
            1.1584959592116808e-10,
            8.354235118264693e-11,
            6.215005460330429e-11,
            4.447060340949725e-11,
            3.244562815447646e-11
        ]
    },
    "optimized": {
        "best_k5": 5.916634773345772,
        "max_r2": 0.9993009912795809,
        "fit": [
            -8.31224078763848,
            34.548981175296966
        ]
    },
    "interval": [
        15,
        20
    ],
    "g1": [
        0.0,
        2.3478570186453753e-06,
        4.569506736963298e-06,
        9.437664865822738e-06,
        1.798959085656642e-05,
        2.4467038518346737e-05,
        2.7504265656913185e-05,
        2.835606360837212e-05,
        2.840893407941124e-05,
        2.7602937853000685e-05,
        2.6154198029567785e-05,
        2.4739661465203806e-05,
        2.302784716462866e-05,
        2.133002794954959e-05,
        1.9785995387240593e-05,
        1.7918459020053575e-05,
        1.580230789843421e-05,
        1.3745075843092004e-05,
        1.1940280502783138e-05,
        9.778223522445064e-06,
        7.761658055881371e-06,
        5.5055254572759095e-06,
        4.266598452934782e-06,
        3.0578992488231676e-06,
        2.342355681961424e-06,
        1.6361633957484203e-06,
        1.1987681329592425e-06,
        1.0804106346718361e-06,
        4.983698302713157e-07,
        2.9845776209836225e-07,
        4.7772850593808867e-08,
        4.8306981309254484e-09,
        2.1857770189190584e-09,
        1.3045698412767993e-09,
        9.42311245926257e-10,
        6.539691898620499e-10,
        4.91028512311871e-10,
        3.589397118562425e-10,
        2.716578886710431e-10,
        1.992950091796619e-10,
        1.4981768800329506e-10
    ]
}