{
    "params": {
        "volume": [
            0.0,
            0.02,
            0.04,
            0.09,
            0.215,
            0.415,
            0.615,
            0.815,
            1.015,
            1.215,
            1.415,
            1.615,
            1.815,
            2.015,
            2.215,
            2.415,
            2.615,
            2.815,
            3.015,
            3.215,
            3.415,
            3.615,
            3.8145,
            3.961,
            4.0475,
            4.106,
            4.1675,
            4.2035,
            4.2335,
            4.2535,
            4.277,
            4.297,
            4.317,
            4.337,
            4.357,
            4.382,
            4.411,
            4.447,
            4.5075,
            4.5705,
            4.661
        ],
        "potential": [
            183.2,
            182.6,
            181.8,
            179.5,
            174.4,
            166.3,
            158.5,
            152.2,
            146.3,
            140.9,
            136.2,
            131.4,
            127.0,
            122.4,
            118.1,
            113.5,
            108.8,
            103.9,
            98.5,
            93.0,
            86.4,
            78.4,
            69.1,
            59.4,
            51.2,
            44.7,
            35.0,
            27.7,
            17.7,
            11.0,
            -0.7,
            -26.3,
            -93.4,
            -127.4,
            -142.2,
            -153.4,
            -162.6,
            -169.9,
            -179.7,
            -187.2,
            -195.2
        ]
    },
    "raw_zone": {
        "r2": 0.9996668444616087,
        "fit": [
            -1.0764629308264585e-05,
            4.650880119215392e-05
        ],
        "veq": 4.320520461995529,
        "start": 17,
        "end": 32,
        "num_points": 15
    },
    "opt_zone": {
        "r2": 0.9996508607115284,
        "fit": [
            -2.3399582864533026,
            10.118379776274198
        ],
        "veq": 4.324171005462975,
        "k5": 5.340752850307042,
        "start": 16,
        "end": 31,
        "num_points": 15
    },
    "g1": [
        0.0,
        2.441040351028668e-06,
        4.7324093495708635e-06,
        9.736148779711104e-06,
        1.9071122497818012e-05,
        2.6857714740936088e-05,
        2.937989464515842e-05,
        3.046785323090331e-05,
        3.015926417149737e-05,
        2.9258569342229303e-05,
        2.8378385055183625e-05,
        2.6870012059765308e-05,
        2.5444703037950436e-05,
        2.361786129529961e-05,
        2.1961146126412086e-05,
        2.0019036259599296e-05,
        1.805311517943934e-05,
        1.6059522382364135e-05,
        1.3940028184540839e-05,
        1.2000216761871736e-05,
        9.859092822593277e-06,
        7.64412965535757e-06,
        5.616380863764002e-06,
        3.998173511197888e-06,
        2.969179719771375e-06,
        2.3388212890782468e-06,
        1.6273897085283262e-06,
        1.2354717609295478e-06,
        8.431176967355834e-07,
        6.526538145763913e-07,
        4.162046529832564e-07,
        1.5438610853190973e-07,
        1.1387086241530008e-08,
        3.0458417802526077e-09,
        1.7200316736031457e-09,
        1.1186755636440308e-09,
        7.871515517868642e-10,
        5.973023760538718e-10,
        4.134379898459602e-10,
        3.1308590077720395e-10,
        2.3385808858455555e-10
    ]
}